{
  "geometry.humanoid": {
    "bones": [{
      "name": "body",
      "cubes": [{
        "size": [8, 12, 4],
        "uv": [16, 16]
      }]
    },
      {
        "name": "head",
        "cubes": [{
          "size": [8, 8, 8],
          "uv": [0, 0]
        }]
      },
      {
        "name": "rightArm",
        "cubes": [{
          "size": [4, 12, 4],
          "uv": [40, 16]
        }]
      },
      {
        "name": "leftArm",
        "cubes": [{
          "size": [4, 12, 4],
          "uv": [32, 48]
        }]
      },
      {
        "name": "rightLeg",
        "cubes": [{
          "size": [4, 12, 4],
          "uv": [0, 16]
        }]
      },
      {
        "name": "leftLeg",
        "cubes": [{
          "size": [4, 12, 4],
          "uv": [16, 48]
        }]
      }
    ]
  }
}