{
  "format_version": "1.8.0",
  "geometry.antralia.npc": {
    "bones": [
      {
        "cubes": [
          {
            "inflate": 0,
            "mirror": false,
            "origin": [
              -4,
              12,
              -2
            ],
            "size": [
              8,
              12,
              4
            ],
            "uv": [
              16,
              16
            ]
          }
        ],
        "name": "body",
        "parent": "waist",
        "pivot": [
          0,
          24,
          0
        ],
        "rotation": [
          0,
          0,
          0
        ]
      },
      {
        "cubes": [
          {
            "inflate": 0,
            "mirror": false,
            "origin": [
              -4,
              24,
              -4
            ],
            "size": [
              8,
              8,
              8
            ],
            "uv": [
              0,
              0
            ]
          }
        ],
        "name": "head",
        "parent": "body",
        "pivot": [
          0,
          24,
          0
        ],
        "rotation": [
          0,
          0,
          0
        ]
      },
      {
        "cubes": [
          {
            "inflate": 0.5,
            "mirror": false,
            "origin": [
              -4,
              24,
              -4
            ],
            "size": [
              8,
              8,
              8
            ],
            "uv": [
              32,
              0
            ]
          }
        ],
        "name": "hat",
        "parent": "head",
        "pivot": [
          0,
          24,
          0
        ],
        "rotation": [
          0,
          0,
          0
        ]
      },
      {
        "cubes": [
          {
            "inflate": 0,
            "mirror": false,
            "origin": [
              -5,
              29,
              -5
            ],
            "size": [
              10,
              4,
              10
            ],
            "uv": [
              24,
              50
            ]
          },
          {
            "inflate": 0,
            "mirror": false,
            "origin": [
              -2.977268,
              31,
              -3.99659
            ],
            "size": [
              9,
              3,
              8
            ],
            "uv": [
              0,
              49
            ]
          },
          {
            "inflate": 0,
            "mirror": false,
            "origin": [
              -0.9964308,
              34,
              -2
            ],
            "size": [
              5,
              1,
              5
            ],
            "uv": [
              0,
              43
            ]
          },
          {
            "inflate": 0,
            "mirror": false,
            "origin": [
              5,
              28,
              -0.9999998
            ],
            "size": [
              2,
              5,
              4
            ],
            "uv": [
              0,
              34
            ]
          },
          {
            "inflate": 0,
            "mirror": false,
            "origin": [
              6,
              26,
              2.11224e-7
            ],
            "size": [
              0.9999994,
              2,
              2
            ],
            "uv": [
              56,
              24
            ]
          },
          {
            "inflate": 0,
            "mirror": false,
            "origin": [
              5,
              25,
              -0.9999998
            ],
            "size": [
              2,
              2,
              2
            ],
            "uv": [
              56,
              28
            ]
          }
        ],
        "name": "helmet",
        "parent": "head",
        "pivot": [
          0,
          24,
          0
        ],
        "rotation": [
          0,
          0,
          0
        ]
      },
      {
        "cubes": [
          {
            "inflate": 0,
            "mirror": false,
            "origin": [
              -8,
              12,
              -2
            ],
            "size": [
              4,
              12,
              4
            ],
            "uv": [
              40,
              16
            ]
          }
        ],
        "name": "rightArm",
        "parent": "body",
        "pivot": [
          -5,
          22,
          0
        ],
        "render_group_id": 1,
        "rotation": [
          0,
          0,
          0
        ]
      },
      {
        "cubes": [
          {
            "inflate": 0.25,
            "mirror": false,
            "origin": [
              -8,
              12,
              -2
            ],
            "size": [
              4,
              12,
              4
            ],
            "uv": [
              40,
              32
            ]
          }
        ],
        "name": "rightSleeve",
        "parent": "rightArm",
        "pivot": [
          -5,
          22,
          0
        ],
        "render_group_id": 1,
        "rotation": [
          0,
          0,
          0
        ]
      },
      {
        "cubes": [
          {
            "inflate": 0,
            "mirror": true,
            "origin": [
              4,
              12,
              -2
            ],
            "size": [
              4,
              12,
              4
            ],
            "uv": [
              40,
              16
            ]
          }
        ],
        "name": "leftArm",
        "parent": "body",
        "pivot": [
          5,
          22,
          0
        ],
        "render_group_id": 1,
        "rotation": [
          0,
          0,
          0
        ]
      },
      {
        "cubes": [
          {
            "inflate": 0.25,
            "mirror": true,
            "origin": [
              4,
              12,
              -2
            ],
            "size": [
              4,
              12,
              4
            ],
            "uv": [
              40,
              32
            ]
          }
        ],
        "name": "leftSleeve",
        "parent": "leftArm",
        "pivot": [
          5,
          22,
          0
        ],
        "render_group_id": 1,
        "rotation": [
          0,
          0,
          0
        ]
      },
      {
        "cubes": [
          {
            "inflate": 0.25,
            "mirror": false,
            "origin": [
              -4,
              12,
              -2
            ],
            "size": [
              8,
              12,
              4
            ],
            "uv": [
              16,
              32
            ]
          }
        ],
        "name": "jacket",
        "parent": "body",
        "pivot": [
          0,
          24,
          0
        ],
        "rotation": [
          0,
          0,
          0
        ]
      },
      {
        "cubes": [
          {
            "inflate": 0,
            "mirror": false,
            "origin": [
              -3.9,
              1.525879e-7,
              -2
            ],
            "size": [
              4,
              12,
              4
            ],
            "uv": [
              0,
              16
            ]
          }
        ],
        "name": "rightLeg",
        "parent": "root",
        "pivot": [
          -1.9,
          12,
          0
        ],
        "rotation": [
          0,
          0,
          0
        ]
      },
      {
        "cubes": [
          {
            "inflate": 0,
            "mirror": true,
            "origin": [
              -0.09999985,
              1.525879e-7,
              -2
            ],
            "size": [
              4,
              12,
              4
            ],
            "uv": [
              0,
              16
            ]
          }
        ],
        "name": "leftLeg",
        "parent": "root",
        "pivot": [
          1.9,
          12,
          0
        ],
        "rotation": [
          0,
          0,
          0
        ]
      },
      {
        "cubes": [],
        "name": "waist",
        "parent": "root",
        "pivot": [
          0,
          12,
          0
        ],
        "rotation": [
          0,
          0,
          0
        ]
      },
      {
        "cubes": [],
        "name": "rightItem",
        "parent": "rightArm",
        "pivot": [
          -6,
          15,
          1
        ],
        "render_group_id": 1,
        "rotation": [
          0,
          0,
          0
        ]
      },
      {
        "cubes": [],
        "name": "leftItem",
        "parent": "leftArm",
        "pivot": [
          6,
          15,
          1
        ],
        "render_group_id": 1,
        "rotation": [
          0,
          0,
          0
        ]
      },
      {
        "name": "root",
        "pivot": [
          0,
          0,
          0
        ]
      }
    ],
    "textureheight": 64,
    "texturewidth": 64
  }
}